Type,Name,Request Count,Failure Count,Median Response Time,Average Response Time,Min Response Time,Max Response Time,Average Content Size,Requests/s,Failures/s,50%,66%,75%,80%,90%,95%,98%,99%,99.9%,99.99%,100%
GET,/favourite-service/api/favourites,614,420,4,1355.660414987003,1.2734550000459421,26560.983414001385,7.583061889250814,2.0565708119136343,1.4067748224816392,4,17,1000,1800,5200,7600,11000,16000,27000,27000,27000
POST,/favourite-service/api/favourites,748,748,4,1312.2470636978462,1.3088010000501527,18661.101485000472,40.25935828877005,2.5053989695625383,2.5053989695625383,4,17,1300,1900,4700,7300,13000,15000,19000,19000,19000
,Aggregated,1362,1168,4,1331.8181339559544,1.2734550000459421,26560.983414001385,25.52863436123348,4.561969781476172,3.9121737920441775,4,17,1200,1900,4800,7500,12000,16000,24000,27000,27000
