Type,Name,Request Count,Failure Count,Median Response Time,Average Response Time,Min Response Time,Max Response Time,Average Content Size,Requests/s,Failures/s,50%,66%,75%,80%,90%,95%,98%,99%,99.9%,99.99%,100%
POST,/order-service/api/carts,204,204,110.0,464.067723392097,7.408482000755612,10198.420304999672,117.0,0.6886843246410895,0.6886843246410895,110,250,510,610,1100,1800,3200,4000,10000,10000,10000
GET,/order-service/api/orders,586,0,87,419.6499743583981,6.5271020012005465,10109.10526400039,24.0,1.9782794815670512,0.0,87,200,330,510,1100,1600,3400,4900,10000,10000,10000
POST,/order-service/api/orders,492,492,73,424.08422319920084,8.111042001473834,10366.622899999129,118.0,1.6609445476638043,1.6609445476638043,74,190,310,470,1100,1800,3300,5300,10000,10000,10000
,Aggregated,1282,696,84,428.4197647114007,6.5271020012005465,10366.622899999129,74.87363494539781,4.327908353871945,2.3496288723048937,84,200,340,520,1100,1700,3300,4900,10000,10000,10000
