Type,Name,Request Count,Failure Count,Median Response Time,Average Response Time,Min Response Time,Max Response Time,Average Content Size,Requests/s,Failures/s,50%,66%,75%,80%,90%,95%,98%,99%,99.9%,99.99%,100%
GET,/payment-service/api/payments,350,0,510.0,1218.3705857142975,9.438686998691992,9170.622847999766,24.0,1.173993651191571,0.0,510,1000,1400,1800,3300,5200,7700,8200,9200,9200,9200
POST,/payment-service/api/payments,460,460,470.0,1147.9223496499442,11.265114999332582,9834.321157999511,122.0,1.5429630844232076,1.5429630844232076,470,950,1400,1900,3100,4400,6800,8800,9800,9800,9800
,Aggregated,810,460,480.0,1178.36294548022,9.438686998691992,9834.321157999511,79.65432098765432,2.7169567356147786,1.5429630844232076,480,970,1400,1900,3300,4800,7200,8300,9800,9800,9800
