Type,Name,Request Count,Failure Count,Median Response Time,Average Response Time,Min Response Time,Max Response Time,Average Content Size,Requests/s,Failures/s,50%,66%,75%,80%,90%,95%,98%,99%,99.9%,99.99%,100%
GET,/product-service/api/categories,899,0,100.0,525.7890943937816,5.198786000619293,9798.647965999407,24.0,3.0097234468095473,0.0,100,260,460,640,1300,2700,4400,7400,9800,9800,9800
POST,/product-service/api/categories,566,566,130.0,564.0667900441506,7.124847999875783,11457.04751700032,124.0,1.8948870643984468,1.8948870643984468,130,300,580,780,1400,2100,5000,6700,11000,11000,11000
GET,/product-service/api/products,2665,0,90,496.77098633659284,5.197141999815358,11642.091769999752,24.0,8.92203891629304,0.0,90,240,420,610,1300,2200,4700,7000,10000,12000,12000
POST,/product-service/api/products,753,753,110.0,528.35919884592,6.651842999417568,11496.32268700043,122.0,2.5209363241908664,2.5209363241908664,110,330,540,730,1500,2200,4100,5300,11000,11000,11000
,Aggregated,4883,1319,98,514.7850408238779,5.197141999815358,11642.091769999752,50.70366577923408,16.347585751691902,4.415823388589313,98,270,470,660,1300,2300,4600,7000,10000,12000,12000
