Type,Name,Request Count,Failure Count,Median Response Time,Average Response Time,Min Response Time,Max Response Time,Average Content Size,Requests/s,Failures/s,50%,66%,75%,80%,90%,95%,98%,99%,99.9%,99.99%,100%
GET,/shipping-service/api/order-items,631,631,22,157.44376551030652,5.2958039996156,2697.8439539998362,124.0,2.1124182946939905,2.1124182946939905,22,53,100,150,420,950,1400,1700,2700,2700,2700
POST,/shipping-service/api/order-items,759,759,20,191.54670969831236,5.170001999431406,3816.56226800078,124.0,2.540927869528905,2.540927869528905,20,60,130,190,530,1200,1800,2400,3800,3800,3800
,Aggregated,1390,1390,21,176.06544510649084,5.170001999431406,3816.56226800078,124.0,4.653346164222895,4.653346164222895,21,57,110,180,510,1100,1600,2200,3600,3800,3800
