Type,Name,Request Count,Failure Count,Median Response Time,Average Response Time,Min Response Time,Max Response Time,Average Content Size,Requests/s,Failures/s,50%,66%,75%,80%,90%,95%,98%,99%,99.9%,99.99%,100%
GET,/user-service/api/users,1314,0,16,79.30101474658332,5.328515000655898,3824.16626200029,24.0,4.404381908894731,0.0,16,22,32,42,100,220,980,1700,3700,3800,3800
POST,/user-service/api/users,774,774,17,43.668797049135,6.384968999554985,2157.274613999107,116.0,2.594361946335252,2.594361946335252,17,23,29,38,78,150,300,580,2200,2200,2200
,Aggregated,2088,774,17,66.09252025528774,5.328515000655898,3824.16626200029,58.10344827586207,6.998743855229983,2.594361946335252,17,23,31,41,91,190,620,1300,3000,3800,3800
