Type,Name,Request Count,Failure Count,Median Response Time,Average Response Time,Min Response Time,Max Response Time,Average Content Size,Requests/s,Failures/s,50%,66%,75%,80%,90%,95%,98%,99%,99.9%,99.99%,100%
GET,/user-service/api/users,264,0,23,99.35564120454535,7.1167469995998545,4111.369104000005,24.0,2.217179121941598,0.0,24,36,53,63,120,260,1200,2100,4100,4100,4100
POST,/user-service/api/users,154,154,24,70.64933503901463,8.751952000238816,1157.2313130000111,116.0,1.2933544877992653,1.2933544877992653,24,41,80,92,150,240,480,1100,1200,1200,1200
,Aggregated,418,154,24,88.77963366987613,7.1167469995998545,4111.369104000005,57.89473684210526,3.5105336097408633,1.2933544877992653,24,37,56,73,140,250,960,1200,4100,4100,4100
